FileName,MD5,Type of file PE,Size of optional header,Machine,Value of Machine,Value of Characteristics,MajorLinkerVersion,MinorLinkerVersion,SizeOfCode,SizeOfInitializedData,SizeOfUninitializedData,AddressOfEntryPoint,BaseOfCode,BaseOfData,ImageBase,SectionAlignment,FileAlignment,MajorOperatingSystemVersion,MinorOperatingSystemVersion,MajorImageVersion,MinorImageVersion,MajorSubsystemVersion,MinorSubsystemVersion,SizeOfImage,SizeOfHeaders,CheckSum,Subsystem,DllCharacteristics,SizeOfStackReserve,SizeOfStackCommit,SizeOfHeapReserve,SizeOfHeapCommit,LoaderFlags,NumberOfRvaAndSizes,SectionsNb,SectionsMeanEntropy,SectionsMinEntropy,SectionsMaxEntropy,SectionsMeanRawsize,SectionsMinRawsize,SectionMaxRawsize,SectionsMeanVirtualsize,SectionsMinVirtualsize,SectionMaxVirtualsize,ImportsNbDLL,ImportsNb,ImportsNbOrdinal,ExportNb,ResourcesNb,ResourcesMeanEntropy,ResourcesMinEntropy,ResourcesMaxEntropy,ResourcesMeanSize,ResourcesMinSize,ResourcesMaxSize,LoadConfigurationSize,VersionInformationSize,Type
1_1_b_003851675800dc05cdac1baa84cab8f68534b244906d97ced0c40f50da27df0a.exe,c997318e5def9e2386a95f1763bf4cba,PE+,240,AMD64,34404,0,2,27,12288,33792,3072,5328,4096,0,4194304,4096,512,4,0,0,0,5,2,65536,1024,102817,2,0,2097152,4096,1048576,4096,0,16,11,2.4066078190409588,0.0,5.785474741916987,3118.5454545454545,0,12288,3049.090909090909,24,11896,12,139,0,0,0,0,0,0,0,0,0,0,0,0
2_1_m_000077419ead44800537b34f5c2137e572c472698a13c39151f90eaabde7c94e.exe,0931deeb461394a0a64698032cac649e,PE,224,I386,332,0,7,0,4096,333616,585728,4564,4096,8192,4194304,4096,4096,4,0,0,0,4,0,942080,4096,420840,2,0,1048576,4096,1048576,4096,0,16,4,5.930351072018734,2.135370777062166,7.870374333354344,88064.0,4096,188416,232177.0,1188,773996,4,12,0,0,0,0,0,0,0,0,0,0,0,1
3_2_b_00eea85752664955047caad7d6280bc7bf1ab91c61eb9a2542c26b747a12e963.exe,79cd4997890e99e4c6bb9d5c2d29dac6,PE+,240,AMD64,34404,0,2,25,19456,37376,3072,5376,4096,0,4194304,4096,512,4,0,0,0,5,2,69632,1024,78970,3,0,2097152,4096,1048576,4096,0,16,11,2.8298620562177903,0.0,5.959608938756633,3397.818181818182,0,19456,3380.5454545454545,104,19128,4,91,0,10,0,0,0,0,0,0,0,0,0,0
4_2_m_0004b6ce277aa1a259359ee0400bf7cb3f2aafdeeae291f0be2a3750b0c87ee2.exe,4b2e2151417f8c2b8001d274c3dfbc8b,PE,224,I386,332,0,6,0,12288,393216,0,6328,4096,16384,4194304,4096,4096,4,0,0,0,4,0,827392,4096,0,2,0,1048576,4096,1048576,4096,0,16,4,6.0851774137258765,4.99849977644831,7.985274658059913,101376.0,12288,335872,203237.0,11558,430680,5,49,0,0,0,0,0,0,0,0,0,0,0,1
5_3_b_0111bddac92a792c7b2ee3ab77642c33df0e01afe737b0d1fa0cbbf331d9572c.exe,3dfb61bea3c6e74c8c78867e95c4935e,PE,224,I386,332,0,2,25,48640,15872,12800,4096,4096,53248,4194304,4096,512,4,0,1,0,4,0,94208,1024,92283,3,0,2097152,4096,1048576,4096,0,16,5,3.1571823307989035,0.0,6.27791144986894,12902.4,0,48640,15171.2,4,48512,2,67,0,0,0,0,0,0,0,0,0,0,0,0
6_3_m_000d6230792fefff601c0e5e87369196fdd5cfb484fdd87916a080d8b9ffc1c6.exe,306e82406a4734021f89939fd8361269,PE,224,I386,332,0,11,0,5632,383488,0,5392,4096,12288,4194304,4096,512,4,0,0,0,4,0,823296,1024,0,2,0,1048576,4096,1048576,4096,0,16,4,4.529277903086923,0.0,7.884199775916697,97280.0,1536,379904,203120.5,1546,425984,4,39,0,0,0,0,0,0,0,0,0,0,0,1
7_4_b_02253301617f5201605443ec0c4ab9e3bf8667caa3ea57a0be4d0641e2394ef6.exe,ab91c57e9c091c0933be687b197f23a7,PE+,240,AMD64,34404,0,2,25,23552,15360,3072,5376,4096,0,4194304,4096,512,4,0,0,0,5,2,69632,1024,98804,3,0,2097152,4096,1048576,4096,0,16,9,2.606044680782742,0.0,6.023787605336894,4323.555555555556,0,23552,4406.666666666667,104,23488,5,134,0,0,0,0,0,0,0,0,0,0,0,0
8_4_m_0029dfe0fb6fabc165448cafa2a587044de2ba73075caf891a7206df834fd25b.exe,e133c913b087e8b0771ca3b759278622,PE,224,I386,332,0,2,50,99840,49664,0,5120,4096,106496,4194304,4096,512,4,0,0,0,4,0,176128,1024,181983,2,0,1048576,4096,1048576,4096,0,16,9,2.661546328264278,0.0,7.519103243220721,16554.666666666668,1024,99840,16493.333333333332,1000,99744,9,738,10,0,0,0,0,0,0,0,0,0,0,1
9_5_b_02431aa60089b968bc59acc69796ed9418546894752d0c9766fbe3aae0a85031.exe,be348a2dbf72c80e4d0c813922de8606,PE+,240,AMD64,34404,33120,10,10,10240,10240,0,12080,4096,0,5368709120,4096,512,6,2,6,2,6,0,36864,1024,93363,3,33120,524288,8192,1048576,4096,0,16,6,2.9308407327348505,0.2623230417102712,6.119440539634764,3157.333333333333,512,10240,3166.6666666666665,88,9972,7,76,0,0,0,0,0,0,0,0,0,112,0,0
10_5_m_003ad42cc2b8210c65926c6fe37007d4920d0f8a8896f85e07bcfd0454b22b90.exe,597dcc47066ac8fe5a51e1a953db4ed0,PE,224,I386,332,0,10,0,5632,372224,0,5668,4096,12288,4194304,4096,512,4,0,0,0,4,0,823296,1024,0,2,0,1048576,4096,1048576,4096,0,16,4,4.556262062164977,0.062624447831427,7.914322120187744,94464.0,1536,369152,202336.0,1034,434176,4,39,0,0,0,0,0,0,0,0,0,0,0,1
11_6_b_04c3fad7c843c2155a69e4a54fcc18324d1b4d366a0868550af02dfdd9186366.exe,b6675ed0addbd065a9373d6f395f2ddf,PE,224,I386,332,33088,12,0,53248,94720,0,8710,4096,57344,4194304,4096,512,5,1,0,0,5,1,163840,1024,0,2,33088,1048576,4096,1048576,4096,0,16,5,5.158012988533061,3.64846569517482,6.6834743822958895,27955.2,4608,53248,29349.4,4444,52939,3,70,0,0,0,0,0,0,0,0,0,72,0,0
12_6_m_00442d3cdd1290a9d02f46e31541d54a0dae6ea756b07ae5abb75e0f3a4fd6f3.exe,4f6f78711401723814dc5f83ca873ee2,PE,224,I386,332,0,2,50,2048,256000,0,4128,4096,8192,4194304,4096,512,4,0,0,0,4,0,274432,1024,287773,2,0,1048576,4096,1048576,4096,0,16,5,3.5436884199204832,0.0,7.729509722107666,51609.6,512,252416,51400.8,128,252352,2,5,0,0,0,0,0,0,0,0,0,0,0,1
13_7_b_04ffb8d60a17d6405a9408e73e9cabcdaf5e396f7c4784874dc49c353e97315b.exe,f1c7272a2e8123338426bb19579f4951,PE+,240,AMD64,34404,33120,10,10,64512,25088,0,27920,4096,0,5368709120,4096,512,6,2,6,2,6,1,102400,1024,138143,3,33120,524288,8192,1048576,4096,0,16,6,3.93343503197635,1.7924991371742858,6.417740325264746,13312.0,1024,64512,14630.0,798,64060,9,102,0,0,0,0,0,0,0,0,0,112,0,0
14_7_m_004843d2d85eb96ccd4e5e3dc7f54ed114753bc589af5566ac5d598d884bad51.exe,0f7c85dd8cb612947ca9aa637eaae556,PE,224,I386,332,0,10,0,158720,18432,0,123874,4096,163840,4194304,4096,512,5,1,0,0,5,1,184320,1024,194647,2,0,1048576,4096,1048576,4096,0,16,4,6.224090420817361,3.3761816989064943,7.892419085193539,44288.0,3072,158720,44046.0,2767,158496,3,20,0,1,0,0,0,0,0,0,0,0,0,1
15_8_b_050171bc07ebcd963ce724b6b66ff8d1b6c1258e2676c59fd36db0384427bb59.exe,c24ece07adfe016c1e9385b4c7a0073c,PE+,240,AMD64,34404,0,2,27,50176,123392,5632,5328,4096,0,4194304,4096,512,4,0,0,0,5,2,163840,1024,191749,2,0,2097152,4096,1048576,4096,0,16,11,2.615756745098175,0.0,6.013870907956897,11264.0,0,50688,11479.636363636364,24,50544,15,261,0,0,0,0,0,0,0,0,0,0,0,0
16_8_m_0052317ce618bb02354ea957e501e13046355bd38b23b382b5a0a5bb6e546b54.exe,be6997bb08dfde2b1d859e7277403297,PE,224,I386,332,0,2,50,284672,26624,0,282192,4096,286720,4194304,4096,512,4,0,0,0,4,0,323584,1024,319927,2,0,1048576,4096,1048576,4096,0,16,6,4.043881254622426,0.1603287258990285,7.566961442833549,51882.66666666666,1024,282624,51764.333333333336,1000,282466,4,584,1,0,0,0,0,0,0,0,0,0,0,1
17_9_b_0524d1cc0e49105631e29f5e13f5dd2d1eb580899297b29cf67aa9644da62e20.exe,ead913a792d1e48d45b04c15d1562aa6,PE+,240,AMD64,34404,0,2,25,13312,11776,3072,5376,4096,0,4194304,4096,512,4,0,0,0,5,2,57344,1024,84442,3,0,2097152,4096,1048576,4096,0,16,9,2.3968840379225345,0.0,5.936384307511748,2787.555555555556,0,13312,2805.333333333333,104,12992,3,91,0,0,0,0,0,0,0,0,0,0,0,0
18_9_m_0078e3961d934fcf2782d77812d2ba7177e23207099333a0cd084682ca0ef3ff.exe,b58d9f7e9ffe2afd611dab821abf2b99,PE,224,I386,332,33088,10,0,4096,30208,0,4488,4096,8192,4194304,4096,512,5,1,0,0,5,1,40960,1024,89144,2,33088,1048576,4096,1048576,4096,0,16,4,5.613097713583477,4.610537083745544,6.658356358170621,8576.0,2560,24576,8333.25,2418,24478,5,54,0,0,0,0,0,0,0,0,0,72,0,1
19_10_b_05c73c13c3635fab5c7daa5bcae4ea3a21ec0bd620291762cd13c03cd786b438.exe,084a6b37aa774a9da49f247d923c3733,PE,224,I386,332,33088,11,0,19456,17408,0,17951,4096,24576,4194304,4096,512,6,0,10,0,6,0,53248,1024,55310,2,33088,1048576,8192,1048576,4096,0,16,5,4.577180388677432,2.8327156702266154,5.570581150778284,7372.8,1024,19456,7359.6,1672,19340,6,311,225,0,0,0,0,0,0,0,0,72,0,0
20_10_m_00ab1c6b7654dcb244dac269d0012e5badabff7eb8c40b428009d6ee86791591.exe,4ba786bbe5f18ee1722d3a7b863f568d,PE,224,I386,332,0,6,0,12288,397312,0,6339,4096,16384,4194304,4096,4096,4,0,0,0,4,0,827392,4096,0,2,0,1048576,4096,1048576,4096,0,16,4,6.07471891412025,4.985686253766323,7.975624024453083,102400.0,12288,339968,203795.5,11558,429688,4,42,0,0,0,0,0,0,0,0,0,0,0,1
21_11_b_07028b82ed457f66a17b116a6c66593ea5c74b8db4e6d1c1ea7a366a2570b87e.exe,64d974429d930920b9e70c6c69abc6c9,PE+,240,AMD64,34404,0,2,27,15872,34304,3072,5328,4096,0,4194304,4096,512,4,0,0,0,5,2,69632,1024,117478,2,0,2097152,4096,1048576,4096,0,16,11,2.6116678670016964,0.0,6.10333032740151,3165.090909090909,0,15872,3165.818181818182,28,15720,10,121,0,0,0,0,0,0,0,0,0,0,0,0
22_11_m_00cc9bb91df017673ce091d87aca25aebd1119c19a1feef73dca9194a4a9248d.exe,5f08b14121c8404ca5aeef2427396e78,PE,224,I386,332,0,11,0,5632,373760,0,5340,4096,12288,4194304,4096,512,4,0,0,0,4,0,888832,1024,0,2,0,1048576,4096,1048576,4096,0,16,4,4.54798896446063,0.0,7.910689834492532,94848.0,1536,370176,219195.0,1546,499712,4,39,0,0,0,0,0,0,0,0,0,0,0,1
23_12_b_0704b67194c1ac90f93c62cd00d1742dfb0069dfc837657e29c63884a989fbb4.exe,f86cfd5fa5971e1b6a66ab96a96a9beb,PE,224,I386,332,0,2,25,178688,30208,4096,4096,4096,184320,4194304,4096,512,4,0,1,0,4,0,225280,1024,224372,3,0,2097152,4096,1048576,4096,0,16,5,3.372049727097879,0.0,6.420163015804172,41779.2,0,178688,42355.2,4,178544,3,118,0,0,0,0,0,0,0,0,0,0,0,0
24_12_m_00d947043b5ee7d6e789a0a81286e50371c6417e0601f7ad62f9018c5c14eb74.exe,d8991667d9df72a671840311c626b23a,PE,224,I386,332,0,2,50,102912,5632,0,110208,8192,4096,4194304,4096,512,4,0,0,0,4,0,122880,1024,158775,2,0,1048576,4096,1048576,4096,0,16,4,4.177509903522263,1.5771066802569238,7.136049396465247,27008.0,512,102912,26906.75,104,102699,3,9,0,0,0,0,0,0,0,0,0,0,0,1
25_13_b_0727bb0cfd046e9c9b57c0e23b6fe1664a369cfdd2aaf7efa78a22e5dfb3f4f2.exe,63092a0561a7e31b37c8fa67a8f5bf57,PE+,240,AMD64,34404,0,2,27,9728,26112,3072,5328,4096,0,4194304,4096,512,4,0,0,0,5,2,61440,1024,89625,2,0,2097152,4096,1048576,4096,0,16,11,2.462264787604305,0.0,5.877186845554765,2420.3636363636365,0,9728,2370.909090909091,28,9304,7,81,0,0,0,0,0,0,0,0,0,0,0,0
26_13_m_01071df7e2acaa6e0c8b4f9372903b2e5493482f93063e4b9357e86de71735d6.exe,c7f486a5d677f85761409337e527f973,PE,224,I386,332,0,2,50,112128,26624,0,111632,4096,118784,4194304,4096,512,4,0,0,0,4,0,147456,1024,172195,2,0,1048576,4096,1048576,4096,0,16,4,5.78088331890612,4.375204496323005,6.979330927181253,34688.0,3072,112128,34506.5,2792,111906,4,584,1,0,0,0,0,0,0,0,0,0,0,1
27_14_b_072ceab189d6abc94a7a4a76245c361a16e6a1e1b731fe0874d7399860f61227.exe,dbeb7043e6827c215af3d4e00f59ccb6,PE,224,I386,332,32832,9,0,75776,25600,0,61686,4096,122880,771751936,4096,512,5,1,0,0,5,1,114688,1024,118056,2,32832,1048576,4096,1048576,4096,0,16,4,5.535071708734042,4.18877980206335,6.669434923693829,24832.0,4096,75776,25027.25,5956,75293,6,162,0,0,0,0,0,0,0,0,0,72,0,0
28_14_m_0113c35b4d837420d68fdb3d5641ff4333a0b07cbacf925f83652e03fab13185.exe,511e957d146328f19334d99d273e30e7,PE,224,I386,332,0,2,50,113152,15872,0,109808,4096,114688,4194304,4096,512,4,0,0,0,4,0,155648,1024,193455,2,0,1048576,4096,1048576,4096,0,16,9,2.565363820798654,0.1603287258990285,7.0812366549299295,14336.0,1024,108032,14228.0,1000,107752,4,243,0,0,0,0,0,0,0,0,0,0,0,1
29_15_b_074f238eaecb13d1c6304ead46c31ceca7e8f56d4c6d2d53b91d849efb539cd2.exe,5e3df859e975a5ccf10b3fa452d118c0,PE,224,I386,332,49472,12,10,29184,9728,0,29472,4096,36864,4194304,4096,512,10,0,10,0,10,0,57344,1024,74183,2,49472,262144,8192,1048576,4096,0,16,6,3.696191915807212,0.2960261676589459,6.331092227030616,6400.0,512,29184,6171.333333333333,36,28740,13,100,1,0,0,0,0,0,0,0,0,104,0,0
30_15_m_011e11df66286f1d222c10c6497fc03c9c9575c53fa4dce622ec71e085460af4.exe,527125118e651e4c2275de11fcecb97d,PE,224,I386,332,0,6,0,12288,389120,0,5560,4096,16384,4194304,4096,4096,4,0,0,0,4,0,823296,4096,0,2,0,1048576,4096,1048576,4096,0,16,4,6.410091190695496,3.4522595668941083,7.921561227120343,100352.0,12288,258048,202798.5,11750,515316,2,41,0,0,0,0,0,0,0,0,0,0,0,1
31_16_b_0757acc2fa68b90fbd889e673bfe5f619b8f8f92a1fa28888fac9a3dba5f3708.exe,23c759d5fa299c89ed38ae2c5c1adbb3,PE+,240,AMD64,34404,49504,12,10,28160,53760,0,29728,4096,0,5368709120,4096,512,10,0,10,0,10,0,98304,1024,125948,3,49504,524288,8192,1048576,4096,0,16,7,3.289041546562616,0.2865598243127146,6.228025524847853,11410.285714285714,512,45056,11418.0,40,44920,25,100,0,0,0,0,0,0,0,0,0,160,0,0
32_16_m_0160648dbaa4af29349fc9d2f903a7842e30c313264c4edced2acf5dc53c7ac9.exe,30f2ba9281a7395bae10ac2c34f2b8e6,PE,224,I386,332,0,73,0,174080,40448,0,150987,8192,4096,4194304,4096,512,5,1,0,0,5,1,245760,1024,256773,2,0,1048576,4096,1048576,4096,0,16,10,3.404052167161602,0.2365387845096806,7.909594892653514,21452.8,512,174080,21083.7,28,173800,4,45,0,1,0,0,0,0,0,0,0,0,0,1
33_17_b_077a5c96cfd8644425f870444b604bfe3aa62587073fd85a4dc75244775b99ab.exe,b095e611e13c501bf9b95289bde06ecb,PE+,240,AMD64,34404,49504,12,10,33280,37376,0,33216,4096,0,5368709120,4096,512,10,0,10,0,10,0,90112,1024,93738,2,49504,524288,8192,1048576,4096,0,16,6,4.051822885593416,2.131835040716199,6.134955929852052,9728.0,512,33280,11575.333333333334,264,33162,13,138,0,0,0,0,0,0,0,0,0,160,0,0
34_17_m_0176c67d2a0c69274a34c98d62a323a1612eead965a8df6f555c82f9651e0032.exe,0603f052a583b4e9783340e6176d6c74,PE,224,I386,332,0,2,50,135168,14336,0,5584,4096,139264,4194304,4096,512,4,0,0,0,4,0,163840,1024,163597,2,0,1048576,4096,1048576,4096,0,16,6,3.0905925228847093,0.0,5.9497322110122175,24832.0,1024,135168,24671.666666666668,520,135010,6,104,0,0,0,0,0,0,0,0,0,0,0,1
35_18_b_077f6a102329e2a1da967fd3350981d2eb9c169a3c00408fe0c6ed9c0a8d1a7c.exe,03ad3464cb40f736a8b221a74bdbe746,PE+,240,AMD64,34404,0,2,25,162304,51200,5120,5376,4096,0,4194304,4096,512,4,0,0,0,5,2,241664,1024,220485,3,0,2097152,4096,1048576,4096,0,16,9,2.970662771587375,0.0,5.633997992592548,23722.666666666668,0,162304,24018.222222222223,104,162064,3,266,0,0,0,0,0,0,0,0,0,0,0,0
36_18_m_017846a206ca24bfef6532753df95e607e5f54e13a45a3f4dc7573f40e11aaf6.exe,1d97ef1017b4d33016997e243e9319f3,PE,224,I386,332,0,2,50,4096,278016,0,4976,4096,8192,4194304,4096,512,4,0,0,0,4,0,294912,1024,292154,2,0,1048576,4096,1048576,4096,0,16,5,5.489185288709914,3.037895802778709,7.718328717006634,56422.4,2048,264192,56262.0,1716,264160,7,337,7,0,0,0,0,0,0,0,0,0,0,1
37_19_b_08108ba453bc6222f93d236b3f29265aebd8b286b2f7d29de588db6a23dce550.exe,78c86b834102279fadb2bf8dd7dbab8f,PE,224,I386,332,34112,11,0,9728,3072,0,17758,8192,24576,4194304,8192,512,4,0,0,0,6,0,40960,512,33684,3,34112,1048576,4096,1048576,4096,0,16,3,3.4325513396211678,0.0815394123432416,5.658456069900406,4266.666666666667,512,9728,4010.6666666666665,12,9572,1,1,0,0,0,0,0,0,0,0,0,0,0,0
38_19_m_018030ca511a930052a5cf1111b78f39ea941f8a41e08179fc938f98862b6c62.exe,32bec1d73bd0237a538bcf7c270f5ad8,PE,224,I386,332,0,2,50,91648,1536,0,4720,4096,98304,4194304,4096,512,4,0,0,0,4,0,106496,512,154377,2,0,1048576,4096,1048576,4096,0,16,3,4.339136418409436,1.9489780380055324,7.637134450542459,31061.33333333333,512,91648,30923.33333333333,132,91618,3,8,0,0,0,0,0,0,0,0,0,0,0,1
39_20_b_081529ae6785cf10838b4e9417c42935f10793f8acab6277b5c4821b390585e3.exe,e368efc411047b54fa32424d15f4a4a4,PE+,240,AMD64,34404,49504,12,10,985600,606720,0,973760,4096,0,5368709120,4096,512,10,0,10,0,10,0,1609728,1024,1634015,2,49504,524288,8192,1048576,4096,0,16,6,5.407585079652754,2.411257734278467,6.8117595881903314,264533.3333333333,5632,985600,265066.1666666667,5224,985465,15,478,1,1,0,0,0,0,0,0,0,160,0,0
40_20_m_01d0e53c6a9eac73e4cc4436d273ade93452b497ec939741060d14a272eaa6ae.exe,5138eb832dc608385935720c96cdbb7c,PE,224,I386,332,0,2,50,2048,258560,0,4640,4096,8192,4194304,4096,512,4,0,0,0,4,0,286720,1024,317528,2,0,1048576,4096,1048576,4096,0,16,8,2.560150795387253,0.0,7.769435976415888,32576.0,512,251904,32390.125,132,251805,3,6,0,0,0,0,0,0,0,0,0,0,0,1
41_21_b_08805d42f83cab69e6b93d9717da43d4d61892942b2573e45ec0e97adc6b506e.exe,edffe7c0fc66424a3ac7be4696859f61,PE+,240,AMD64,34404,0,2,25,41984,16896,5632,5376,4096,0,4194304,4096,512,4,0,0,0,5,2,90112,1024,87296,3,0,12582912,4096,1048576,4096,0,16,9,2.8192417939186423,0.0,6.241735354241865,6542.222222222223,0,41984,6932.0,104,41616,3,103,0,0,0,0,0,0,0,0,0,0,0,0
42_21_m_01ee8378b6cfffa6abf1477b57ec0f11c25812bda89e79643665713dae160141.exe,3dba76942282cee5dd68f5850cf8afb2,PE,224,I386,332,0,10,0,140288,37888,0,115148,4096,155648,4194304,4096,512,5,1,0,0,5,1,200704,1024,216573,2,0,1048576,4096,1048576,4096,0,16,4,6.355189262067658,3.5784614234363934,7.876707580832912,44544.0,3072,140288,46206.75,2680,148063,5,25,0,1,0,0,0,0,0,0,0,0,0,1
43_22_b_08bf892562a748f1582b00283d8f15ec6f9a2f252c7ba95c2b55fbc60abfbd49.exe,929d73e6d08c940d286caf8fc48fd951,PE+,240,AMD64,34404,33120,11,0,50176,33280,0,14616,4096,0,5368709120,4096,512,6,0,10,0,6,0,106496,1024,111935,2,33120,1048576,8192,1048576,4096,0,16,6,4.105214641629904,2.064673341451483,6.230995354660973,13909.333333333334,2048,50176,15248.166666666666,1540,50055,4,104,0,0,0,0,0,0,0,0,0,112,0,0
44_22_m_0222aeb7073e11206a8ef5890552c0a644b21feeecb2d1b9c05a5d9a6595d6fe.exe,859743168b594f8693de2dd1d2ed1d56,PE,224,I386,332,0,2,50,145408,46592,0,5248,4096,151552,4194304,4096,512,4,0,0,0,4,0,217088,1024,243683,2,0,1048576,4096,1048576,4096,0,16,8,1.1814387046387975,0.0,6.050037710046675,24000.0,512,145408,23909.75,220,145098,3,10,0,0,0,0,0,0,0,0,0,0,0,1
45_23_b_0945da9d00b2629379df481a2be0d9d420c05a727ec2dcbc16255acfd76a8cb3.exe,f55ff54f710442012838d3431c1cd3f3,PE+,240,AMD64,34404,0,2,27,8704,24576,3072,5376,4096,0,4194304,4096,512,4,0,0,0,5,2,61440,1024,86406,3,0,2097152,4096,1048576,4096,0,16,11,2.388829479313868,0.0,5.829894423082548,2280.7272727272725,0,8704,2202.181818181818,28,8376,8,65,0,0,0,0,0,0,0,0,0,0,0,0
46_23_m_023b8c42d4c68242bbc3aa1029afaca1008eeec1b236f1b2141eea15664aa0ae.exe,859e1d34125c42905bde5130113d4342,PE,224,I386,332,0,2,50,113152,20992,0,110752,4096,114688,4194304,4096,512,4,0,0,0,4,0,151552,1024,189717,2,0,1048576,4096,1048576,4096,0,16,7,3.404319686566349,0.1603287258990285,7.00166912699626,19163.42857142857,1024,110080,19075.42857142857,1000,109748,5,414,1,0,0,0,0,0,0,0,0,0,0,1
47_24_b_0a2027ea20fd995fd41fbe1a6e6a361dbdc09a83741f1d9e928eddf50030c6b3.exe,df3a1b7658607c6a06b19e8199d39392,PE,224,I386,332,34112,11,0,156160,2560,0,164270,8192,172032,4194304,8192,512,4,0,0,0,4,0,188416,512,230351,3,34112,1048576,4096,1048576,4096,0,16,3,3.480212835098431,0.1019104256627077,5.808822050278338,52906.66666666666,512,156160,52682.66666666666,12,156084,1,1,0,0,0,0,0,0,0,0,0,0,0,0
48_24_m_023e0e5c3b01aa9d636fb529f4a453ff508ae7c984c4bb596284766d7e7ef158.exe,1af45198a22756ec15f80c4d7c594649,PE,224,I386,332,0,10,0,190976,0,0,146979,4096,196608,4194304,4096,512,5,1,0,0,5,1,241664,1024,231811,2,0,1048576,4096,1048576,4096,0,16,5,6.449307279833913,5.938592021734701,6.848694937798637,45056.0,2048,190976,44959.0,2032,190708,4,250,0,1,0,0,0,0,0,0,0,0,0,1
49_25_b_0a464a3765ffc0c23cf47345bf1185426af8e6b5711e015ca18027afcac2f2e0.exe,7a271f804e4a779646e972bef9a16cfe,PE+,240,AMD64,34404,49632,12,10,241152,133632,512,82336,4096,0,5368709120,4096,512,10,0,10,0,10,0,397312,1024,416438,2,49632,524288,8192,1048576,4096,0,16,8,3.66511790966285,0.0,6.336599662738414,46400.0,0,241152,46706.75,4,241025,27,202,0,0,0,0,0,0,0,0,0,160,0,0
50_25_m_024bc401f1983d741d8cb3811e7383db3c90a6117cde521425eeaf3a6a7f5f3b.exe,998dff8274ff8323bccd38063c8ee103,PE,224,I386,332,0,6,0,9216,512,0,12464,4096,163840,4194304,4096,512,1,0,0,0,4,0,167936,1024,0,2,0,1048576,4096,1048576,4096,0,16,4,3.06351561115788,0.0203931352360849,6.2701377616247225,36992.0,512,137728,37603.5,4,137538,2,35,0,0,0,0,0,0,0,0,0,0,0,1
51_26_b_0a8deb24eef193e13c691190758c349776eab1cd65fba7b5dae77c7ee9fcc906.exe,773c92c2f70364dbabc5d090655a3577,PE+,240,AMD64,34404,0,2,25,78848,116736,3072,5376,4096,0,4194304,4096,512,4,0,0,0,5,2,147456,1024,130217,3,0,2097152,4096,1048576,4096,0,16,11,3.086350498952149,0.0,5.928868665341062,10612.363636363636,0,78848,10572.454545454546,104,78392,6,168,0,97,0,0,0,0,0,0,0,0,0,0
52_26_m_024ee04fc3b7f3b66f83ddaf92a9e6b732cd1e1ffafdc8bdbf590bbb3405a7d0.exe,44a8b0b444262ec4719220fa81270a3c,PE,224,I386,332,0,6,0,20480,380928,0,5560,4096,24576,4194304,4096,4096,4,0,0,0,4,0,782336,4096,0,2,0,1048576,4096,1048576,4096,0,16,4,6.144123103452269,5.133039281422951,7.876800955406966,100352.0,16384,331776,193386.0,17772,393096,3,48,0,0,0,0,0,0,0,0,0,0,0,1
53_27_b_0be00b72a65e558aa92a4f197663f3496b2a3ceaa5f77bafe309727141ad77af.exe,c2975e24fe5c12a816e4aaf00c490433,PE+,240,AMD64,34404,0,2,27,11264,28672,3072,5328,4096,0,4194304,4096,512,4,0,0,0,5,2,65536,1024,52165,2,0,2097152,4096,1048576,4096,0,16,11,2.4579524098498053,0.0,5.81802915075988,2653.090909090909,0,11264,2610.181818181818,28,10856,10,110,0,0,0,0,0,0,0,0,0,0,0,0
54_27_m_02511b8dd58a94bff958ab319b21ef0f0bdbb5d1f10c525e440a4b43d12e3418.exe,0913fde2d794776926cea12d6432a1a7,PE,224,I386,332,0,6,0,12288,393216,0,6096,4096,16384,4194304,4096,4096,4,0,0,0,4,0,782336,4096,0,2,0,1048576,4096,1048576,4096,0,16,4,4.614331185724677,0.6747634836817183,7.956777377999295,101376.0,12288,339968,193042.5,11534,396924,3,47,0,0,0,0,0,0,0,0,0,0,0,1
55_28_b_0c8af4bbf3e29c4ab7dd8372725a931985b669d15b82615ab05838ed348bf558.exe,6e927a42117a1baba74784a7e21e899b,PE+,240,AMD64,34404,0,2,25,161280,43520,5120,5376,4096,0,4194304,4096,512,4,0,0,0,5,2,233472,1024,228605,3,0,2097152,4096,1048576,4096,0,16,9,2.921124706628096,0.0,5.559728116870537,22755.555555555555,0,161280,23019.555555555555,104,160928,3,300,0,0,0,0,0,0,0,0,0,0,0,0
56_28_m_0267600d677c7b36aa0bcc2fc100fa251f4c294d796e45b785b8bf28efc7fbe0.exe,273daf5653688fea6cf0b9a735326691,PE,224,I386,332,0,6,0,12288,389120,0,5560,4096,16384,4194304,4096,4096,4,0,0,0,4,0,823296,4096,0,2,0,1048576,4096,1048576,4096,0,16,4,6.4101942108592205,3.454515374567281,7.921185080803927,100352.0,12288,258048,202796.5,11750,515316,2,41,0,0,0,0,0,0,0,0,0,0,0,1
57_29_b_0d23b6f46e848a65911518e6658488070a7462cd605cfc3737a6bb1ef71cceac.exe,4ff2a463f79211e2462db27809721875,PE+,240,AMD64,34404,0,2,27,11776,29696,3072,5328,4096,0,4194304,4096,512,4,0,0,0,5,2,65536,1024,75976,2,0,2097152,4096,1048576,4096,0,16,11,2.484692497853674,0.0,5.908895152347481,2746.181818181818,0,11776,2720.3636363636365,28,11576,10,121,0,0,0,0,0,0,0,0,0,0,0,0
58_29_m_026a69b4ebef3b11f819aa5d0745ad703185f9b28466f8c0ce88fd2352f84ade.exe,2feccac57567c8e86516d1cca0018627,PE,224,I386,332,0,10,0,77312,91648,0,4096,4096,81920,4194304,4096,512,5,1,0,0,5,1,245760,1024,206985,2,0,1048576,4096,1048576,4096,0,16,6,4.749361985325802,0.3738774799381986,7.8803539512159375,28160.0,512,85504,37790.5,32,144807,2,20,0,1,0,0,0,0,0,0,0,0,0,1
59_30_b_0d8d47b0b0bf9291e01f426782ba721d5be30ea9b2547f315c7ca48c367b2aa9.exe,2ccf5f9fc01ce6c511a710239cedf26d,PE,224,I386,332,33088,12,0,272384,96256,0,171705,4096,278528,4194304,4096,512,5,1,5,1,5,1,389120,1024,433145,2,33088,1048576,4096,1048576,4096,0,16,5,5.096132132997338,3.146275003087866,6.647377158537263,73728.0,11264,272384,75447.6,12656,272280,3,80,0,0,0,0,0,0,0,0,0,72,0,0
60_30_m_027703a7d9952464429dfc7b8d985d6cc63f69959c4e0d954bea9463bb0ae60e.exe,e067a19c0c82ab06326debe61cecd7c7,PE,224,I386,332,0,10,0,4608,367104,0,787528,786432,794624,4259840,4096,512,4,0,0,0,4,0,1167360,786432,436250,2,0,1048576,4096,1048576,4096,0,16,4,5.374671248493545,2.659402292766996,7.988005495919216,92928.0,1024,364544,92657.5,522,364544,4,39,0,0,0,0,0,0,0,0,0,0,0,1
61_31_b_0dfd9b9733913d7e1fc1ca19798b9ed57c2d4138ae5fa1ad9c6e12f1dee7062c.exe,05bec43bc5dcace27fc17a43839b611e,PE+,240,AMD64,34404,0,2,25,10240,20480,3072,5408,4096,0,4194304,4096,512,4,0,0,0,5,2,49152,1024,49027,3,0,2097152,4096,1048576,4096,0,16,9,2.5291356157899663,0.0,5.854783737678926,2275.555555555556,0,10240,2314.6666666666665,104,10024,5,74,0,0,0,0,0,0,0,0,0,0,0,0
62_31_m_028848dfcd82adc323cf89cdc8ea34af0a405ae0a188815135404927af7f5c9a.exe,ac878d7332ef4f6dd2168e5e24792005,PE,224,I386,332,0,2,50,102912,5632,0,110208,8192,4096,4194304,4096,512,4,0,0,0,4,0,122880,1024,130030,2,0,1048576,4096,1048576,4096,0,16,4,4.175932386800113,1.5771066802569238,7.132690461966626,27008.0,512,102912,26906.75,104,102699,3,9,0,0,0,0,0,0,0,0,0,0,0,1
63_32_b_0e73886d15f788471581cbf3864703206fd96eb79e4683ffa332463507fdcda4.exe,cba6a2dc25e6ab045a0354001848c09b,PE+,240,AMD64,34404,0,2,27,16384,34304,3072,5328,4096,0,4194304,4096,512,4,0,0,0,5,2,73728,1024,77861,2,0,2097152,4096,1048576,4096,0,16,11,2.546846663977784,0.0,6.080793750012957,3165.090909090909,0,16384,3128.3636363636365,36,16136,6,102,0,0,0,0,0,0,0,0,0,0,0,0
64_32_m_028cae960b168ebda1d565272200257542a847dea71825715e4b43947d13d35b.exe,0923060b3fbd41cc47f322647726dee5,PE,224,I386,332,0,2,50,103424,4608,0,9296,8192,4096,4194304,4096,512,4,0,0,0,4,0,122880,1024,166549,2,0,1048576,4096,1048576,4096,0,16,4,3.901296290502272,2.0311300390555598,7.127380213878583,27008.0,512,103424,26683.25,136,103041,2,9,0,0,0,0,0,0,0,0,0,0,0,1
65_33_b_0fbcedf08d9e262137afba702687b2de15822149e4a282b9249907134e5ef151.exe,b5577f50c9c2f4a4b2b21b9c3eb7d92d,PE+,240,AMD64,34404,0,2,27,10752,28160,3072,5328,4096,0,4194304,4096,512,4,0,0,0,5,2,65536,1024,99583,2,0,2097152,4096,1048576,4096,0,16,11,2.455614799158045,0.0,5.85242502580167,2606.5454545454545,0,10752,2574.909090909091,28,10408,7,106,0,0,0,0,0,0,0,0,0,0,0,0
66_33_m_029278b8f482f6bea5a20a04bdf2d089d954eaf61e91242e623ef53aa45801ff.exe,b2d7457ca6d8e8e4e201060c9d573db0,PE,224,I386,332,0,7,0,4096,378216,421888,4768,4096,8192,4194304,4096,4096,4,0,0,0,4,0,819200,4096,435756,2,0,1048576,4096,1048576,4096,0,16,5,3.6678504253615154,0.0726962317431379,7.605755991948198,78643.2,4096,348160,160633.0,1376,430451,8,31,0,0,0,0,0,0,0,0,0,0,0,1
67_34_b_0fbe33fb688bc8b21db405ffc08f696f5eea215264952fb41027be527da384e7.exe,d824250a3bbd7b6fe2d54fdcc3a02c39,PE,224,I386,332,49472,12,10,46080,11776,0,39888,4096,53248,4194304,4096,512,10,0,10,0,10,0,69632,1024,59928,2,49472,262144,8192,1048576,4096,0,16,5,4.85392376576404,2.7328856968580832,6.565954045831292,11264.0,512,46080,11242.4,1576,45788,12,80,0,0,0,0,0,0,0,0,0,104,0,0
68_34_m_0296e1b3cb5feda8c9fbf26746b618050b4e634c2fd92662aa1c538a5eef52d5.exe,a66433e5a0a4bdd74187b2cef14107bb,PE,224,I386,332,0,2,50,102912,5632,0,110256,8192,4096,4194304,4096,512,4,0,0,0,4,0,122880,1024,158037,2,0,1048576,4096,1048576,4096,0,16,4,4.192369175026668,1.661304313284645,7.133227972199122,27008.0,512,102912,26922.75,112,102755,3,9,0,0,0,0,0,0,0,0,0,0,0,1
69_35_b_0fe87602f6f2a6dd5acf209eea81ec0555fe1e02d6f781299724238b4cb2e2c1.exe,e7e8520b791b9edb387badc64aa2f984,PE+,240,AMD64,34404,0,2,25,232448,46080,3072,5376,4096,0,4194304,4096,512,4,0,0,0,5,2,303104,1024,294804,3,0,2097152,4096,1048576,4096,0,16,9,2.982391729591063,0.0,5.576852040832547,30947.555555555555,0,232448,30971.11111111111,104,232016,3,100,0,0,0,0,0,0,0,0,0,0,0,0
70_35_m_029754020244831ed1ef2dbac3a57123c7a69e82023b4d575dedd2e2208d6251.exe,7bb946ca134cf681ae0ad95eaead008e,PE,224,I386,332,0,6,0,12288,393216,0,6292,4096,16384,4194304,4096,4096,4,0,0,0,4,0,827392,4096,0,2,0,1048576,4096,1048576,4096,0,16,4,6.082848828297822,4.983012926732353,7.985091620171358,101376.0,12288,335872,203240.0,11598,430680,3,48,0,0,0,0,0,0,0,0,0,0,0,1
71_36_b_0ff0a7429ebd5f19eac9fef4504d12c2b2b66a2b060de1c25d6e8fd08262f6d9.exe,56765f722d5237eb50c1a3280f8cebb2,PE,224,I386,332,0,2,25,13824,15872,512,4096,4096,20480,4194304,4096,512,4,0,1,0,4,0,49152,1024,40325,3,0,2097152,4096,1048576,4096,0,16,5,2.949971161619229,0.0,5.88584283055314,5939.2,0,13824,5716.8,4,13656,3,51,0,0,0,0,0,0,0,0,0,0,0,0
72_36_m_029d4fa427d821bcb8c12d4f19dd99403a8c0356a096d854dd09c1c51a0c53fc.exe,d7b7800a282a6323cf81286b7dadf324,PE,224,I386,332,0,10,0,158720,17408,0,123874,4096,163840,4194304,4096,512,5,1,0,0,5,1,184320,1024,180095,2,0,1048576,4096,1048576,4096,0,16,4,6.191128418477546,3.312428913875342,7.891617137568232,44032.0,3072,158720,43787.5,2690,158496,3,20,0,1,0,0,0,0,0,0,0,0,0,1
73_37_b_103359c8ceb3fb7753e22f1b953a5ad7717eb89ecf699fe6fa827d2bca56f7c0.exe,89d657570247a2e30549d7057b4680f5,PE+,240,AMD64,34404,0,2,25,21504,19456,3072,5376,4096,0,4194304,4096,512,4,0,0,0,5,2,73728,1024,58778,3,0,2097152,4096,1048576,4096,0,16,9,2.57900932575943,0.0,5.978113666863489,4551.111111111111,0,21504,4628.0,104,21440,7,192,0,0,0,0,0,0,0,0,0,0,0,0
74_37_m_02ad0044106143934cf53ce9a126c8cea29233f563aa53ca7584e30cb666a87a.exe,423c41c282c51efc6d8a75cda3846663,PE,224,I386,332,0,2,50,102912,5632,0,110272,8192,4096,4194304,4096,512,4,0,0,0,4,0,122880,1024,114248,2,0,1048576,4096,1048576,4096,0,16,4,4.173325152725262,1.6649936702546246,7.134040012867268,27008.0,512,102912,26917.75,108,102771,2,9,0,0,0,0,0,0,0,0,0,0,0,1
75_38_b_10cfee2da8c02724184a60a0bf386df8ac988ca498dd39a64cdca65a58dd320a.exe,8ab0d1038a72860aba7e311bbaec7eeb,PE+,240,AMD64,34404,0,2,25,9216,9216,3072,5376,4096,0,4194304,4096,512,4,0,0,0,5,2,49152,1024,21909,3,0,2097152,4096,1048576,4096,0,16,9,2.20202950752184,0.0,5.831977103188925,2048.0,0,9216,2020.4444444444443,104,8848,3,65,0,0,0,0,0,0,0,0,0,0,0,0
76_38_m_02b231d6ea314c38204b9c3a5a53b38f146af219495fb477e362b6f2147cb62f.exe,82f1921dffae737b877674b89b5a1da0,PE,224,I386,332,0,89,0,169472,37888,0,80451,4096,176128,4194304,4096,512,5,1,0,0,5,1,229376,1024,242964,2,0,1048576,4096,1048576,4096,0,16,7,4.142112364117912,0.9437780566074884,6.608868777824585,29622.85714285714,512,169472,29348.285714285717,76,169002,6,32,0,3,0,0,0,0,0,0,0,0,0,1
77_39_b_10ddc91db7463138fee1d01c97d4b540168557dad58e2dfee8cb1393497bde3a.exe,bddd56951af250c6c9778a215e3e4642,PE+,240,AMD64,34404,0,2,25,10240,11776,3072,5376,4096,0,4194304,4096,512,4,0,0,0,5,2,53248,1024,38591,3,0,2097152,4096,1048576,4096,0,16,10,2.390455737811871,0.0,5.788007296658007,2201.6,0,10240,2196.4,104,9808,4,77,0,0,0,0,0,0,0,0,0,0,0,0
78_39_m_02b85dc0c316c1765c9bfe59b552eed9c32cc02497b645d4fbc309842ed50673.exe,54fc215a2d23ff75bb6023bcb1bcfe09,PE,224,I386,332,0,2,50,284672,26624,0,282192,4096,286720,4194304,4096,512,4,0,0,0,4,0,323584,1024,325499,2,0,1048576,4096,1048576,4096,0,16,6,4.044428531636888,0.1603287258990285,7.5671026285341565,51882.66666666666,1024,282624,51764.333333333336,1000,282466,4,584,1,0,0,0,0,0,0,0,0,0,0,1
79_40_b_10feeb1b0fde32e0d3699bb8bb8558fafb03da45b7d204dd5b7200439a39cf2f.exe,71630a9e2e15b2f58d2e5c04c9582560,PE,224,I386,332,34144,11,0,11776,2560,0,19454,8192,24576,4194304,8192,512,4,0,0,0,6,0,40960,512,94909,3,34144,1048576,4096,1048576,4096,0,16,3,3.119594560302392,0.0611628522411544,5.673756571804272,4778.666666666667,512,11776,4317.333333333333,12,11268,1,1,0,0,0,0,0,0,0,0,0,0,0,0
80_40_m_02ccb04d1f6ab5c6fdb81d00fffcf2ad6abfb45b114e308f7944a1a00619820e.exe,9e2d6d36f45ff23e5af60815593bbc7e,PE,224,I386,332,0,2,50,145408,46592,0,5248,4096,151552,4194304,4096,512,4,0,0,0,4,0,217088,1024,254822,2,0,1048576,4096,1048576,4096,0,16,8,1.1814353278213043,0.0,6.050010695506731,24000.0,512,145408,23909.75,220,145098,3,10,0,0,0,0,0,0,0,0,0,0,0,1
81_41_b_11a1f22cc5614d2f8c58e698da5616f94805b5f9a4cd24d5433ea3d9aa3cfe02.exe,8229d13ffe3187e3a85ad47e526ce157,PE+,240,AMD64,34404,49504,12,10,21504,18432,0,23072,4096,0,5368709120,4096,512,10,0,10,0,10,0,61440,1024,46958,2,49504,524288,8192,1048576,4096,0,16,6,3.088866086633549,0.4221654195603677,6.122277312116301,5973.333333333333,512,21504,6448.666666666667,32,21424,7,130,0,0,0,0,0,0,0,0,0,160,0,0
82_41_m_02e4f6da42813c531c55fe1aa43628e0c4dbb231959f6de8c2ca8454bd674644.exe,50f79715147aa6efaf3ade34a9f2e417,PE,224,I386,332,0,11,0,5632,370176,0,5124,4096,12288,4194304,4096,512,4,0,0,0,4,0,888832,1024,0,2,0,1048576,4096,1048576,4096,0,16,4,4.529199144670021,0.0,7.918220289449139,93952.0,1536,366592,219314.0,1546,503808,4,39,0,0,0,0,0,0,0,0,0,0,0,1
83_42_b_120278154abac09fdcbb30fa6444dc13224373bf8d42d2c3fa40ecdf5c308757.exe,57591c00cac7946d2938ec38ec62d00e,PE+,240,AMD64,34404,0,2,27,16896,36864,3072,5328,4096,0,4194304,4096,512,4,0,0,0,5,2,77824,1024,114293,2,0,2097152,4096,1048576,4096,0,16,11,2.5692550433484067,0.0,6.033964640691271,3397.818181818182,0,16896,3389.090909090909,28,16872,11,138,0,0,0,0,0,0,0,0,0,0,0,0
84_42_m_02edbdacb4bbf629d577ebdbddeb517af57790f2dc06dca4e412be4760381af9.exe,078d33fc6ec0a0d58e1323623035bb42,PE,224,I386,332,0,2,50,112128,15872,0,109760,4096,114688,4194304,4096,512,4,0,0,0,4,0,151552,1024,168858,2,0,1048576,4096,1048576,4096,0,16,8,2.89862817257283,0.1603287258990285,7.080869614435681,15936.0,1024,108032,15846.75,1000,107662,4,237,0,0,0,0,0,0,0,0,0,0,0,1
85_43_b_1217e3eeceb14ec67b66f0af056733efd7f9ea00213c420bded8d76d6ca80184.exe,ef63b3371ddf5b960afd0bd79e02b81a,PE,224,I386,332,34144,11,0,108544,26624,0,116622,8192,122880,4194304,8192,512,4,0,0,0,6,0,163840,512,194451,3,34144,1048576,4096,1048576,4096,0,16,3,3.498116218840549,0.1019104256627077,5.782769401099031,45056.0,512,108544,44712.0,12,108436,1,1,0,0,0,0,0,0,0,0,0,0,0,0
86_43_m_02f8593b80e8080e1cf73b522003e9ffa7f6b334e399b73db4a1115381f1851a.exe,db9db9d73efc566f9a62a7455fe2ff6a,PE,224,I386,332,0,2,50,112128,15872,0,109696,4096,114688,4194304,4096,512,4,0,0,0,4,0,151552,1024,163731,2,0,1048576,4096,1048576,4096,0,16,8,2.872009217266692,0.1603287258990285,7.077594067511867,16000.0,1024,108032,15858.0,1000,107636,4,238,0,0,0,0,0,0,0,0,0,0,0,1
87_44_b_12583e6a823028d30f25a31bf950a22281e8fe0e751df565bdb82545ba787533.exe,278b01b1e48ec0eee9fbc7837b9075cf,PE,224,I386,332,34112,8,0,45056,49152,0,51854,8192,57344,285212672,8192,4096,4,0,0,0,4,0,114688,4096,114473,2,34112,1048576,4096,1048576,4096,0,16,3,3.5515098811847703,0.0131269437212195,5.764755100284768,31402.666666666668,4096,45056,29104.0,12,43668,1,1,0,0,0,0,0,0,0,0,0,0,0,0
88_44_m_02fbc59091a54f1f39890d4372d8784cbc8f8df5a5052123e34113e2d74aa1c1.exe,4eaca5727951a1025577643ef33a0748,PE,224,I386,332,34048,17,0,22528,135680,0,16184,4096,28672,4194304,4096,512,5,1,0,0,5,1,262144,1024,215070,2,34048,1048576,4096,1048576,4096,0,16,8,4.548175364870374,0.0203931352360849,7.995687039395632,19776.0,512,102912,29245.0,16,103494,4,101,0,1,0,0,0,0,0,0,0,0,0,1
89_45_b_1296acd35b7b7c0754e887430518b65c3a9efb89f111961a852806a07055d344.exe,018063c4e232e12d3d4a3e9a4c902adb,PE,224,I386,332,49472,12,10,26624,13312,0,27264,4096,32768,4194304,4096,512,10,0,10,0,10,0,53248,1024,95945,2,49472,262144,32768,1048576,4096,0,16,5,4.472221413304245,1.1020159005104224,6.544688478464973,7475.2,2048,26624,7720.0,1792,26348,19,96,0,0,0,0,0,0,0,0,0,104,0,0
90_45_m_02fe6cfd1d8c2e88fb8183413d2f14590464e283e2e51c7fef5df672adca7664.exe,5a5308605ce48c8fb36e31ade2533fc8,PE,224,I386,332,0,10,0,161792,13312,0,4096,4096,167936,4194304,4096,512,5,1,0,0,5,1,266240,1024,214074,2,0,1048576,4096,1048576,4096,0,16,9,2.9048242808789198,0.437109725135374,7.890397505220594,19456.0,512,161792,26383.444444444445,32,161330,2,19,0,1,0,0,0,0,0,0,0,0,0,1
91_46_b_1427a1fbdc06e9942fccb80431261c4d145a53978f4c466a1ad6373b828a863a.exe,e5e6c08729ae0be5a435685cc3172c6c,PE,224,I386,332,0,6,0,40960,425984,0,15132,4096,45056,4194304,4096,4096,4,0,0,0,4,0,471040,4096,0,3,0,1048576,4096,1048576,4096,0,16,3,4.656851837539958,3.108037619838029,6.515703892873144,17749.333333333332,4096,40960,153954.33333333334,2968,420068,2,64,0,0,0,0,0,0,0,0,0,0,0,0
92_46_m_03096d2859243b354a2a0378dfabb65768dff113dba7a97b26ccf4a2220ee8f5.exe,7ba05eef8725e10b357cd5ae9b98d71c,PE,224,I386,332,32768,9,0,5120,160768,0,7344,4096,16384,4194304,4096,512,5,0,0,0,5,0,188416,1024,233146,2,32768,1048576,4096,1048576,4096,0,16,6,3.0843650674591543,0.0,7.723579071996353,27648.0,512,100352,27385.0,100,100350,4,74,0,0,0,0,0,0,0,0,0,0,0,1
93_47_b_14e64436677fdd74a0e1923f7b2a10d191620e16f1fa6069805ab034b8ff09df.exe,d75faef9af0234a0d40aa696cf63ad35,PE+,240,AMD64,34404,0,2,27,18432,37376,28672,5328,4096,0,4194304,4096,512,4,0,0,0,5,2,98304,1024,96504,2,0,2097152,4096,1048576,4096,0,16,11,2.6542488693937294,0.0,6.061849894438651,3444.3636363636365,0,18432,5793.454545454545,28,28624,11,129,0,0,0,0,0,0,0,0,0,0,0,0
94_47_m_031f7fed1bac11ee81db1494883badc191549dc66d63849ae129f5f83f64e089.exe,ac3cca8fe3ea307798b5c4839db3ce13,PE,224,I386,332,34048,17,0,22528,135680,0,16184,4096,28672,4194304,4096,512,5,1,0,0,5,1,262144,1024,192392,2,34048,1048576,4096,1048576,4096,0,16,8,4.548192552639046,0.0203931352360849,7.995840932174048,19776.0,512,102912,29247.5,16,103494,4,101,0,1,0,0,0,0,0,0,0,0,0,1
95_48_b_155375bf02e4cf36dbe0db6eec3e39f35958fb13283d09a20b758539f490a780.exe,09fa9091523283d9e374c1cf2d13984c,PE,224,I386,332,0,8,0,61440,57344,0,6824,4096,65536,4194304,4096,4096,4,0,0,0,4,0,122880,4096,0,3,0,1048576,4096,1048576,4096,0,16,4,4.515621603153794,1.812934057746297,6.446073710806766,28672.0,8192,61440,27629.25,8240,58461,1,83,0,0,0,0,0,0,0,0,0,72,0,0
96_48_m_0332abd66f3fb3d9cde559602a011cf2a8bbacb126f87b4d654c739ced91f9c1.exe,82d2efe5ec8eb932081eb3cdb62f7fe4,PE,224,I386,332,0,2,50,102912,5632,0,110208,8192,4096,4194304,4096,512,4,0,0,0,4,0,122880,1024,171170,2,0,1048576,4096,1048576,4096,0,16,4,4.176027691474196,1.5771066802569238,7.132677018859609,27008.0,512,102912,26906.75,104,102699,3,9,0,0,0,0,0,0,0,0,0,0,0,1
97_49_b_1566460d4c89f8a26fcde4b0fd4f70d7ccbf873dbeaf5f52e44f96a45c0e3807.exe,de4119f61d164a005182af7ce14dc70f,PE+,240,AMD64,34404,0,2,27,32768,60416,3072,5328,4096,0,4194304,4096,512,4,0,0,0,5,2,94208,1024,143662,2,0,2097152,4096,1048576,4096,0,16,11,2.7325063839753585,0.0,6.05635144542543,5538.909090909091,0,32768,5495.636363636364,28,32552,12,216,0,0,0,0,0,0,0,0,0,0,0,0
98_49_m_0342a05b2ff232d52b94953aaec3108dc6554d0eb85ebad9ab3d70f4663b4bfe.exe,63485c2d1d54de1232b5b6d6b930cb54,PE,224,I386,332,0,6,0,12288,393216,0,6248,4096,16384,4194304,4096,4096,4,0,0,0,4,0,782336,4096,0,2,0,1048576,4096,1048576,4096,0,16,4,6.493457601003772,4.642306163746446,7.8119942270432,101376.0,12288,266240,192255.5,10308,484924,4,47,0,0,0,0,0,0,0,0,0,0,0,1
99_50_b_1629630cf717f6abe87bd15813ff693441ea6ea32785c08eb88fe82c9e05f45f.exe,98e83dd46dffffff818e342da1740af9,PE+,240,AMD64,34404,33088,10,0,52736,44032,0,10328,4096,0,5368709120,4096,512,5,2,0,0,5,2,122880,1024,124836,3,33088,1048576,4096,1048576,4096,0,16,6,4.239529834783434,1.9047749217895305,6.385259841337711,16128.0,1024,52736,17389.0,812,52308,2,79,0,0,0,0,0,0,0,0,0,0,0,0
100_50_m_03783bff64d6ad40114914902705c7dc88b7ef9b7d48f8b112f41b79c9eadbfb.exe,df67a79596ac9006e3ee71d10bde0719,PE,224,I386,332,0,2,50,112128,15872,0,109760,4096,114688,4194304,4096,512,4,0,0,0,4,0,151552,1024,169964,2,0,1048576,4096,1048576,4096,0,16,8,2.898858784589232,0.1603287258990285,7.079924065398528,15936.0,1024,108032,15846.75,1000,107662,4,237,0,0,0,0,0,0,0,0,0,0,0,1
,7e90c9e573b163893600a4d1acc8ff72,PE,224,I386,332,1024,8,0,49152,8192,0,53742,8192,57344,4194304,8192,4096,4,0,0,0,4,0,73728,4096,0,2,1024,1048576,4096,1048576,4096,0,16,3,2.126188880167107,0.0131269437212195,5.28287036647482,19114.666666666668,4096,49152,15533.333333333334,12,45556,1,1,0,0,0,0,0,0,0,0,0,0,0,0
,f2957395b80b63348f1b77f67581c5af,PE,224,I386,332,34144,48,0,6656,2048,0,14706,8192,16384,4194304,8192,512,4,0,0,0,6,0,32768,512,0,2,34144,1048576,4096,1048576,4096,0,16,3,3.204053610618009,0.0815394123432416,5.532317913612398,2901.333333333333,512,6656,2645.333333333333,12,6520,1,1,0,0,0,0,0,0,0,0,0,0,0,0
